Alexandre Ufn;alexandre@ufn.com.br
Carol Ufn;carol@ufn.com.br
Gabriel Ufn;gabriel@ufn.com.br
Hugo Ufn;hugo@ufn.com.br
Lucas ufn;lucas@ufn.com.br
Paulo Ufn;paulo@ufn.com.br
Rodrigo Ufn;rodrigo@ufn.com.br
Skarlet Ufn;skarlet@ufn.com.br
