Alexandre Ufn;alexandre@ufn.com.br;Lucas Ufn;lucas@ufn.com.br
Carol Ufn;carol@ufn.com.br;Gabriel Ufn;gabriel@ufn.com.br
Hugo Ufn;hugo@ufn.com.br;Skarlet Ufn;skarlet@ufn.com.br
Isaque Ufn;isaque@ufn.com.br;Paulo Ufn;paulo@ufn.com.br
